<?xml version='1.0'?>
<home version='7000' exportFlags='27' name='HouseProject.sh3d' structure='HomeStructure/Home.obj' camera='topCamera' selectedLevel='level-af9b77e5-ac10-47f2-a406-d44e421bbbfd'>
  <environment groundColor='00A8A8A8' skyColor='00CCE4FC' lightColor='00D0D0D0'>
    <observerCamera attribute='cameraPath' id='observerCamera-1ee46191-98fd-44d3-b18a-a17511c1ce30' lens='PINHOLE' x='407.35654' y='-460.8971' z='181.34912' yaw='-6.276966' pitch='0.008377765' fieldOfView='1.0995575' time='1675512000000' fixedSize='true' renderer='com.eteks.sweethome3d.j3d.YafarayRenderer'/>
    <observerCamera attribute='cameraPath' id='observerCamera-db7858e9-c3c5-4df2-a5b0-2b6594539684' lens='PINHOLE' x='403.43008' y='11.581604' z='181.34912' yaw='-6.276966' pitch='0.008377765' fieldOfView='1.0995575' time='1675512000000' fixedSize='true'/>
    <observerCamera attribute='cameraPath' id='observerCamera-8e937869-eb78-4869-9317-1f74b34a7d35' lens='PINHOLE' x='731.94025' y='96.65399' z='181.34912' yaw='-5.6112413' pitch='0.030685164' fieldOfView='1.0995575' time='1675512000000' fixedSize='true'/>
    <observerCamera attribute='cameraPath' id='observerCamera-be5f686c-43b2-4cc6-9a1d-60902e68be95' lens='PINHOLE' x='652.1031' y='618.86725' z='181.34912' yaw='-5.3077555' pitch='0.1725302' fieldOfView='1.0995575' time='1675512000000' fixedSize='true'/>
    <observerCamera attribute='cameraPath' id='observerCamera-745fb69e-3186-4cdb-ae9c-97acbcf7a3a3' lens='PINHOLE' x='433.53256' y='1172.4917' z='181.34912' yaw='-4.568498' pitch='0.317175' fieldOfView='1.0995575' time='1675512000000' fixedSize='true'/>
    <texture attribute='groundTexture' name='Grass' creator='eTeks' catalogId='eTeks#grass' width='30.0' height='30.0' image='0'/>
    <texture attribute='skyTexture' name='Blue sky' creator='eTeks' catalogId='eTeks#blueSky' width='100.0' height='41.3' image='1'/>
  </environment>
  <observerCamera attribute='observerCamera' lens='PINHOLE' x='383.79788' y='18.125427' z='821.3491' yaw='-6.507657' pitch='0.19080523' fieldOfView='1.0995575' time='1675512000000' fixedSize='true' renderer='com.eteks.sweethome3d.j3d.YafarayRenderer'/>
  <camera attribute='topCamera' lens='PINHOLE' x='1338.9333' y='-921.44934' z='373.6' yaw='-181.64616' pitch='0.0' fieldOfView='1.0995575' time='1675512000000' renderer='com.eteks.sweethome3d.j3d.YafarayRenderer'/>
  <level id='level-a44ff0d5-09ca-4621-9bb7-590a01df3259' name='Level 0' elevation='0.0' floorThickness='12.0' height='320.0' elevationIndex='0'/>
  <level id='level-440b06ce-6463-4dc0-abd7-da3de9e086f4' name='Level 1' elevation='320.0' floorThickness='12.0' height='320.0' elevationIndex='0'/>
  <level id='level-af9b77e5-ac10-47f2-a406-d44e421bbbfd' name='Level 2' elevation='640.0' floorThickness='12.0' height='50.0' elevationIndex='0'/>
  <pieceOfFurniture level='level-a44ff0d5-09ca-4621-9bb7-590a01df3259' catalogId='Scopia#suv' name='SUV' creator='Scopia' model='3/suv.obj' x='617.30566' y='1350.0939' angle='1.5707964' width='151.0' depth='336.0' height='162.7'/>
  <pieceOfFurniture level='level-a44ff0d5-09ca-4621-9bb7-590a01df3259' catalogId='Hawkdawg#picnic_table' name='Picnic table' creator='Hawkdawg' model='5/picnic_table.obj' x='340.72333' y='-339.979' width='180.2' depth='145.3' height='75.0'/>
  <pieceOfFurniture level='level-a44ff0d5-09ca-4621-9bb7-590a01df3259' catalogId='SeberRider#hangingUmbrella' name='Hanging umbrella' creator='Seber Rider' model='7/hangingUmbrella.obj' x='479.30676' y='-354.9757' angle='2.0943952' width='240.0' depth='297.0' height='272.1'/>
  <pieceOfFurniture level='level-a44ff0d5-09ca-4621-9bb7-590a01df3259' catalogId='OlaKristianHoff#fence_picket' name='Fence picket' creator='Ola-Kristian Hoff' model='9/fence_picket.obj' x='-58.50004' y='-507.57172' width='85.0' depth='6.0' height='125.0' movable='false'/>
  <pieceOfFurniture level='level-a44ff0d5-09ca-4621-9bb7-590a01df3259' catalogId='Sophie#barbecue' name='Barbecue' creator='Sophie' model='11/barbecue.obj' x='361.4874' y='1494.4329' width='39.2' depth='48.4' height='50.9'/>
  <pieceOfFurniture level='level-a44ff0d5-09ca-4621-9bb7-590a01df3259' catalogId='OlaKristianHoff#fence_picket' name='Fence picket' creator='Ola-Kristian Hoff' model='9/fence_picket.obj' x='27.455082' y='-507.57172' width='85.0' depth='6.0' height='125.0' movable='false'/>
  <pieceOfFurniture level='level-a44ff0d5-09ca-4621-9bb7-590a01df3259' catalogId='OlaKristianHoff#fence_picket' name='Fence picket' creator='Ola-Kristian Hoff' model='9/fence_picket.obj' x='112.93526' y='-507.57172' width='85.0' depth='6.0' height='125.0' movable='false'/>
  <pieceOfFurniture level='level-a44ff0d5-09ca-4621-9bb7-590a01df3259' catalogId='OlaKristianHoff#fence_picket' name='Fence picket' creator='Ola-Kristian Hoff' model='9/fence_picket.obj' x='198.89061' y='-507.57172' width='85.0' depth='6.0' height='125.0' movable='false'/>
  <pieceOfFurniture level='level-a44ff0d5-09ca-4621-9bb7-590a01df3259' catalogId='OlaKristianHoff#fence_picket' name='Fence picket' creator='Ola-Kristian Hoff' model='9/fence_picket.obj' x='284.3712' y='-507.57172' width='85.0' depth='6.0' height='125.0' movable='false'/>
  <pieceOfFurniture level='level-a44ff0d5-09ca-4621-9bb7-590a01df3259' catalogId='OlaKristianHoff#fence_picket' name='Fence picket' creator='Ola-Kristian Hoff' model='9/fence_picket.obj' x='370.32663' y='-507.57172' width='85.0' depth='6.0' height='125.0' movable='false'/>
  <pieceOfFurniture level='level-a44ff0d5-09ca-4621-9bb7-590a01df3259' catalogId='OlaKristianHoff#fence_picket' name='Fence picket' creator='Ola-Kristian Hoff' model='9/fence_picket.obj' x='455.80722' y='-507.57172' width='85.0' depth='6.0' height='125.0' movable='false'/>
  <pieceOfFurniture level='level-a44ff0d5-09ca-4621-9bb7-590a01df3259' catalogId='OlaKristianHoff#fence_picket' name='Fence picket' creator='Ola-Kristian Hoff' model='9/fence_picket.obj' x='541.76263' y='-507.57172' width='85.0' depth='6.0' height='125.0' movable='false'/>
  <pieceOfFurniture level='level-a44ff0d5-09ca-4621-9bb7-590a01df3259' catalogId='OlaKristianHoff#fence_picket' name='Fence picket' creator='Ola-Kristian Hoff' model='9/fence_picket.obj' x='628.97095' y='-507.39716' width='85.0' depth='6.0' height='125.0' movable='false'/>
  <pieceOfFurniture level='level-a44ff0d5-09ca-4621-9bb7-590a01df3259' catalogId='OlaKristianHoff#fence_picket' name='Fence picket' creator='Ola-Kristian Hoff' model='9/fence_picket.obj' x='714.9261' y='-507.39716' width='85.0' depth='6.0' height='125.0' movable='false'/>
  <pieceOfFurniture level='level-a44ff0d5-09ca-4621-9bb7-590a01df3259' catalogId='OlaKristianHoff#fence_picket' name='Fence picket' creator='Ola-Kristian Hoff' model='9/fence_picket.obj' x='800.40625' y='-507.39716' width='85.0' depth='6.0' height='125.0' movable='false'/>
  <pieceOfFurniture level='level-a44ff0d5-09ca-4621-9bb7-590a01df3259' catalogId='OlaKristianHoff#fence_picket' name='Fence picket' creator='Ola-Kristian Hoff' model='9/fence_picket.obj' x='886.36163' y='-507.39716' width='85.0' depth='6.0' height='125.0' movable='false'/>
  <pieceOfFurniture level='level-a44ff0d5-09ca-4621-9bb7-590a01df3259' catalogId='OlaKristianHoff#fence_picket' name='Fence picket' creator='Ola-Kristian Hoff' model='9/fence_picket.obj' x='-316.69437' y='-508.35632' width='85.0' depth='6.0' height='125.0' movable='false'/>
  <pieceOfFurniture level='level-a44ff0d5-09ca-4621-9bb7-590a01df3259' catalogId='OlaKristianHoff#fence_picket' name='Fence picket' creator='Ola-Kristian Hoff' model='9/fence_picket.obj' x='-230.73947' y='-508.35632' width='85.0' depth='6.0' height='125.0' movable='false'/>
  <pieceOfFurniture level='level-a44ff0d5-09ca-4621-9bb7-590a01df3259' catalogId='OlaKristianHoff#fence_picket' name='Fence picket' creator='Ola-Kristian Hoff' model='9/fence_picket.obj' x='-145.25964' y='-508.35632' width='85.0' depth='6.0' height='125.0' movable='false'/>
  <pieceOfFurniture level='level-a44ff0d5-09ca-4621-9bb7-590a01df3259' catalogId='OlaKristianHoff#fence_picket' name='Fence picket' creator='Ola-Kristian Hoff' model='9/fence_picket.obj' x='976.276' y='-507.39716' width='85.0' depth='6.0' height='125.0' movable='false'/>
  <pieceOfFurniture level='level-a44ff0d5-09ca-4621-9bb7-590a01df3259' catalogId='OlaKristianHoff#fence_picket' name='Fence picket' creator='Ola-Kristian Hoff' model='9/fence_picket.obj' x='1062.2328' y='-507.39716' width='85.0' depth='6.0' height='125.0' movable='false'/>
  <pieceOfFurniture level='level-a44ff0d5-09ca-4621-9bb7-590a01df3259' catalogId='OlaKristianHoff#fence_picket' name='Fence picket' creator='Ola-Kristian Hoff' model='9/fence_picket.obj' x='-46.504204' y='1705.1958' width='85.0' depth='6.0' height='125.0' movable='false'/>
  <pieceOfFurniture level='level-a44ff0d5-09ca-4621-9bb7-590a01df3259' catalogId='OlaKristianHoff#fence_picket' name='Fence picket' creator='Ola-Kristian Hoff' model='9/fence_picket.obj' x='39.450882' y='1705.1958' width='85.0' depth='6.0' height='125.0' movable='false'/>
  <pieceOfFurniture level='level-a44ff0d5-09ca-4621-9bb7-590a01df3259' catalogId='OlaKristianHoff#fence_picket' name='Fence picket' creator='Ola-Kristian Hoff' model='9/fence_picket.obj' x='124.93106' y='1705.1958' width='85.0' depth='6.0' height='125.0' movable='false'/>
  <pieceOfFurniture level='level-a44ff0d5-09ca-4621-9bb7-590a01df3259' catalogId='OlaKristianHoff#fence_picket' name='Fence picket' creator='Ola-Kristian Hoff' model='9/fence_picket.obj' x='210.88644' y='1705.1958' width='85.0' depth='6.0' height='125.0' movable='false'/>
  <pieceOfFurniture level='level-a44ff0d5-09ca-4621-9bb7-590a01df3259' catalogId='OlaKristianHoff#fence_picket' name='Fence picket' creator='Ola-Kristian Hoff' model='9/fence_picket.obj' x='296.36694' y='1705.1958' width='85.0' depth='6.0' height='125.0' movable='false'/>
  <pieceOfFurniture level='level-a44ff0d5-09ca-4621-9bb7-590a01df3259' catalogId='OlaKristianHoff#fence_picket' name='Fence picket' creator='Ola-Kristian Hoff' model='9/fence_picket.obj' x='382.3224' y='1705.1958' width='85.0' depth='6.0' height='125.0' movable='false'/>
  <pieceOfFurniture level='level-a44ff0d5-09ca-4621-9bb7-590a01df3259' catalogId='OlaKristianHoff#fence_picket' name='Fence picket' creator='Ola-Kristian Hoff' model='9/fence_picket.obj' x='467.80298' y='1705.1958' width='85.0' depth='6.0' height='125.0' movable='false'/>
  <pieceOfFurniture level='level-a44ff0d5-09ca-4621-9bb7-590a01df3259' catalogId='OlaKristianHoff#fence_picket' name='Fence picket' creator='Ola-Kristian Hoff' model='9/fence_picket.obj' x='553.7583' y='1705.1958' width='85.0' depth='6.0' height='125.0' movable='false'/>
  <pieceOfFurniture level='level-a44ff0d5-09ca-4621-9bb7-590a01df3259' catalogId='OlaKristianHoff#fence_picket' name='Fence picket' creator='Ola-Kristian Hoff' model='9/fence_picket.obj' x='640.9667' y='1705.3704' width='85.0' depth='6.0' height='125.0' movable='false'/>
  <pieceOfFurniture level='level-a44ff0d5-09ca-4621-9bb7-590a01df3259' catalogId='OlaKristianHoff#fence_picket' name='Fence picket' creator='Ola-Kristian Hoff' model='9/fence_picket.obj' x='726.9219' y='1705.3704' width='85.0' depth='6.0' height='125.0' movable='false'/>
  <pieceOfFurniture level='level-a44ff0d5-09ca-4621-9bb7-590a01df3259' catalogId='OlaKristianHoff#fence_picket' name='Fence picket' creator='Ola-Kristian Hoff' model='9/fence_picket.obj' x='812.402' y='1705.3704' width='85.0' depth='6.0' height='125.0' movable='false'/>
  <pieceOfFurniture level='level-a44ff0d5-09ca-4621-9bb7-590a01df3259' catalogId='OlaKristianHoff#fence_picket' name='Fence picket' creator='Ola-Kristian Hoff' model='9/fence_picket.obj' x='898.3574' y='1705.3704' width='85.0' depth='6.0' height='125.0' movable='false'/>
  <pieceOfFurniture level='level-a44ff0d5-09ca-4621-9bb7-590a01df3259' catalogId='OlaKristianHoff#fence_picket' name='Fence picket' creator='Ola-Kristian Hoff' model='9/fence_picket.obj' x='-304.6986' y='1704.4111' width='85.0' depth='6.0' height='125.0' movable='false'/>
  <pieceOfFurniture level='level-a44ff0d5-09ca-4621-9bb7-590a01df3259' catalogId='OlaKristianHoff#fence_picket' name='Fence picket' creator='Ola-Kristian Hoff' model='9/fence_picket.obj' x='-218.74368' y='1704.4111' width='85.0' depth='6.0' height='125.0' movable='false'/>
  <pieceOfFurniture level='level-a44ff0d5-09ca-4621-9bb7-590a01df3259' catalogId='OlaKristianHoff#fence_picket' name='Fence picket' creator='Ola-Kristian Hoff' model='9/fence_picket.obj' x='-133.26382' y='1704.4111' width='85.0' depth='6.0' height='125.0' movable='false'/>
  <pieceOfFurniture level='level-a44ff0d5-09ca-4621-9bb7-590a01df3259' catalogId='OlaKristianHoff#fence_picket' name='Fence picket' creator='Ola-Kristian Hoff' model='9/fence_picket.obj' x='988.2717' y='1705.3704' width='85.0' depth='6.0' height='125.0' movable='false'/>
  <pieceOfFurniture level='level-a44ff0d5-09ca-4621-9bb7-590a01df3259' catalogId='OlaKristianHoff#fence_picket' name='Fence picket' creator='Ola-Kristian Hoff' model='9/fence_picket.obj' x='1074.2285' y='1705.3704' width='85.0' depth='6.0' height='125.0' movable='false'/>
  <pieceOfFurniture level='level-a44ff0d5-09ca-4621-9bb7-590a01df3259' catalogId='OlaKristianHoff#fence_picket' name='Fence picket' creator='Ola-Kristian Hoff' model='9/fence_picket.obj' x='1114.252' y='-468.82483' angle='1.5707964' width='85.0' depth='6.0' height='125.0' movable='false'/>
  <pieceOfFurniture level='level-a44ff0d5-09ca-4621-9bb7-590a01df3259' catalogId='OlaKristianHoff#fence_picket' name='Fence picket' creator='Ola-Kristian Hoff' model='9/fence_picket.obj' x='1114.252' y='-381.0646' angle='1.5707964' width='85.0' depth='6.0' height='125.0' movable='false'/>
  <pieceOfFurniture level='level-a44ff0d5-09ca-4621-9bb7-590a01df3259' catalogId='OlaKristianHoff#fence_picket' name='Fence picket' creator='Ola-Kristian Hoff' model='9/fence_picket.obj' x='1114.252' y='-291.64853' angle='1.5707964' width='85.0' depth='6.0' height='125.0' movable='false'/>
  <pieceOfFurniture level='level-a44ff0d5-09ca-4621-9bb7-590a01df3259' catalogId='OlaKristianHoff#fence_picket' name='Fence picket' creator='Ola-Kristian Hoff' model='9/fence_picket.obj' x='1114.252' y='-203.8888' angle='1.5707964' width='85.0' depth='6.0' height='125.0' movable='false'/>
  <pieceOfFurniture level='level-a44ff0d5-09ca-4621-9bb7-590a01df3259' catalogId='OlaKristianHoff#fence_picket' name='Fence picket' creator='Ola-Kristian Hoff' model='9/fence_picket.obj' x='1114.252' y='-116.12932' angle='1.5707964' width='85.0' depth='6.0' height='125.0' movable='false'/>
  <pieceOfFurniture level='level-a44ff0d5-09ca-4621-9bb7-590a01df3259' catalogId='OlaKristianHoff#fence_picket' name='Fence picket' creator='Ola-Kristian Hoff' model='9/fence_picket.obj' x='1114.252' y='-28.369505' angle='1.5707964' width='85.0' depth='6.0' height='125.0' movable='false'/>
  <pieceOfFurniture level='level-a44ff0d5-09ca-4621-9bb7-590a01df3259' catalogId='OlaKristianHoff#fence_picket' name='Fence picket' creator='Ola-Kristian Hoff' model='9/fence_picket.obj' x='1114.252' y='61.04609' angle='1.5707964' width='85.0' depth='6.0' height='125.0' movable='false'/>
  <pieceOfFurniture level='level-a44ff0d5-09ca-4621-9bb7-590a01df3259' catalogId='OlaKristianHoff#fence_picket' name='Fence picket' creator='Ola-Kristian Hoff' model='9/fence_picket.obj' x='1114.252' y='148.80582' angle='1.5707964' width='85.0' depth='6.0' height='125.0' movable='false'/>
  <pieceOfFurniture level='level-a44ff0d5-09ca-4621-9bb7-590a01df3259' catalogId='OlaKristianHoff#fence_picket' name='Fence picket' creator='Ola-Kristian Hoff' model='9/fence_picket.obj' x='1114.252' y='239.1594' angle='1.5707964' width='85.0' depth='6.0' height='125.0' movable='false'/>
  <pieceOfFurniture level='level-a44ff0d5-09ca-4621-9bb7-590a01df3259' catalogId='OlaKristianHoff#fence_picket' name='Fence picket' creator='Ola-Kristian Hoff' model='9/fence_picket.obj' x='1114.252' y='326.91962' angle='1.5707964' width='85.0' depth='6.0' height='125.0' movable='false'/>
  <pieceOfFurniture level='level-a44ff0d5-09ca-4621-9bb7-590a01df3259' catalogId='OlaKristianHoff#fence_picket' name='Fence picket' creator='Ola-Kristian Hoff' model='9/fence_picket.obj' x='1114.252' y='416.3357' angle='1.5707964' width='85.0' depth='6.0' height='125.0' movable='false'/>
  <pieceOfFurniture level='level-a44ff0d5-09ca-4621-9bb7-590a01df3259' catalogId='OlaKristianHoff#fence_picket' name='Fence picket' creator='Ola-Kristian Hoff' model='9/fence_picket.obj' x='1114.252' y='504.0954' angle='1.5707964' width='85.0' depth='6.0' height='125.0' movable='false'/>
  <pieceOfFurniture level='level-a44ff0d5-09ca-4621-9bb7-590a01df3259' catalogId='OlaKristianHoff#fence_picket' name='Fence picket' creator='Ola-Kristian Hoff' model='9/fence_picket.obj' x='1114.252' y='591.8549' angle='1.5707964' width='85.0' depth='6.0' height='125.0' movable='false'/>
  <pieceOfFurniture level='level-a44ff0d5-09ca-4621-9bb7-590a01df3259' catalogId='OlaKristianHoff#fence_picket' name='Fence picket' creator='Ola-Kristian Hoff' model='9/fence_picket.obj' x='1114.252' y='679.61475' angle='1.5707964' width='85.0' depth='6.0' height='125.0' movable='false'/>
  <pieceOfFurniture level='level-a44ff0d5-09ca-4621-9bb7-590a01df3259' catalogId='OlaKristianHoff#fence_picket' name='Fence picket' creator='Ola-Kristian Hoff' model='9/fence_picket.obj' x='1114.252' y='769.03046' angle='1.5707964' width='85.0' depth='6.0' height='125.0' movable='false'/>
  <pieceOfFurniture level='level-a44ff0d5-09ca-4621-9bb7-590a01df3259' catalogId='OlaKristianHoff#fence_picket' name='Fence picket' creator='Ola-Kristian Hoff' model='9/fence_picket.obj' x='1114.252' y='856.79016' angle='1.5707964' width='85.0' depth='6.0' height='125.0' movable='false'/>
  <pieceOfFurniture level='level-a44ff0d5-09ca-4621-9bb7-590a01df3259' catalogId='OlaKristianHoff#fence_picket' name='Fence picket' creator='Ola-Kristian Hoff' model='9/fence_picket.obj' x='1115.6399' y='945.69086' angle='1.5707964' width='85.0' depth='6.0' height='125.0' movable='false'/>
  <pieceOfFurniture level='level-a44ff0d5-09ca-4621-9bb7-590a01df3259' catalogId='OlaKristianHoff#fence_picket' name='Fence picket' creator='Ola-Kristian Hoff' model='9/fence_picket.obj' x='1115.6399' y='1033.451' angle='1.5707964' width='85.0' depth='6.0' height='125.0' movable='false'/>
  <pieceOfFurniture level='level-a44ff0d5-09ca-4621-9bb7-590a01df3259' catalogId='OlaKristianHoff#fence_picket' name='Fence picket' creator='Ola-Kristian Hoff' model='9/fence_picket.obj' x='1115.6399' y='1122.8673' angle='1.5707964' width='85.0' depth='6.0' height='125.0' movable='false'/>
  <pieceOfFurniture level='level-a44ff0d5-09ca-4621-9bb7-590a01df3259' catalogId='OlaKristianHoff#fence_picket' name='Fence picket' creator='Ola-Kristian Hoff' model='9/fence_picket.obj' x='1115.6399' y='1210.627' angle='1.5707964' width='85.0' depth='6.0' height='125.0' movable='false'/>
  <pieceOfFurniture level='level-a44ff0d5-09ca-4621-9bb7-590a01df3259' catalogId='OlaKristianHoff#fence_picket' name='Fence picket' creator='Ola-Kristian Hoff' model='9/fence_picket.obj' x='1115.6399' y='1298.3864' angle='1.5707964' width='85.0' depth='6.0' height='125.0' movable='false'/>
  <pieceOfFurniture level='level-a44ff0d5-09ca-4621-9bb7-590a01df3259' catalogId='OlaKristianHoff#fence_picket' name='Fence picket' creator='Ola-Kristian Hoff' model='9/fence_picket.obj' x='1115.6399' y='1386.1461' angle='1.5707964' width='85.0' depth='6.0' height='125.0' movable='false'/>
  <pieceOfFurniture level='level-a44ff0d5-09ca-4621-9bb7-590a01df3259' catalogId='OlaKristianHoff#fence_picket' name='Fence picket' creator='Ola-Kristian Hoff' model='9/fence_picket.obj' x='1115.6399' y='1475.5619' angle='1.5707964' width='85.0' depth='6.0' height='125.0' movable='false'/>
  <pieceOfFurniture level='level-a44ff0d5-09ca-4621-9bb7-590a01df3259' catalogId='OlaKristianHoff#fence_picket' name='Fence picket' creator='Ola-Kristian Hoff' model='9/fence_picket.obj' x='1115.6399' y='1563.3217' angle='1.5707964' width='85.0' depth='6.0' height='125.0' movable='false'/>
  <pieceOfFurniture level='level-a44ff0d5-09ca-4621-9bb7-590a01df3259' catalogId='OlaKristianHoff#fence_picket' name='Fence picket' creator='Ola-Kristian Hoff' model='9/fence_picket.obj' x='1115.6399' y='1653.6752' angle='1.5707964' width='85.0' depth='6.0' height='125.0' movable='false'/>
  <pieceOfFurniture level='level-a44ff0d5-09ca-4621-9bb7-590a01df3259' catalogId='OlaKristianHoff#fence_picket' name='Fence picket' creator='Ola-Kristian Hoff' model='9/fence_picket.obj' x='-353.15765' y='-468.82483' angle='1.5707964' width='85.0' depth='6.0' height='125.0' movable='false'/>
  <pieceOfFurniture level='level-a44ff0d5-09ca-4621-9bb7-590a01df3259' catalogId='OlaKristianHoff#fence_picket' name='Fence picket' creator='Ola-Kristian Hoff' model='9/fence_picket.obj' x='-353.15765' y='-381.0646' angle='1.5707964' width='85.0' depth='6.0' height='125.0' movable='false'/>
  <pieceOfFurniture level='level-a44ff0d5-09ca-4621-9bb7-590a01df3259' catalogId='OlaKristianHoff#fence_picket' name='Fence picket' creator='Ola-Kristian Hoff' model='9/fence_picket.obj' x='-353.15765' y='-291.64853' angle='1.5707964' width='85.0' depth='6.0' height='125.0' movable='false'/>
  <pieceOfFurniture level='level-a44ff0d5-09ca-4621-9bb7-590a01df3259' catalogId='OlaKristianHoff#fence_picket' name='Fence picket' creator='Ola-Kristian Hoff' model='9/fence_picket.obj' x='-353.15765' y='-203.8888' angle='1.5707964' width='85.0' depth='6.0' height='125.0' movable='false'/>
  <pieceOfFurniture level='level-a44ff0d5-09ca-4621-9bb7-590a01df3259' catalogId='OlaKristianHoff#fence_picket' name='Fence picket' creator='Ola-Kristian Hoff' model='9/fence_picket.obj' x='-353.15765' y='-116.12932' angle='1.5707964' width='85.0' depth='6.0' height='125.0' movable='false'/>
  <pieceOfFurniture level='level-a44ff0d5-09ca-4621-9bb7-590a01df3259' catalogId='OlaKristianHoff#fence_picket' name='Fence picket' creator='Ola-Kristian Hoff' model='9/fence_picket.obj' x='-353.15765' y='-28.369505' angle='1.5707964' width='85.0' depth='6.0' height='125.0' movable='false'/>
  <pieceOfFurniture level='level-a44ff0d5-09ca-4621-9bb7-590a01df3259' catalogId='OlaKristianHoff#fence_picket' name='Fence picket' creator='Ola-Kristian Hoff' model='9/fence_picket.obj' x='-353.15765' y='61.04609' angle='1.5707964' width='85.0' depth='6.0' height='125.0' movable='false'/>
  <pieceOfFurniture level='level-a44ff0d5-09ca-4621-9bb7-590a01df3259' catalogId='OlaKristianHoff#fence_picket' name='Fence picket' creator='Ola-Kristian Hoff' model='9/fence_picket.obj' x='-353.15765' y='148.80582' angle='1.5707964' width='85.0' depth='6.0' height='125.0' movable='false'/>
  <pieceOfFurniture level='level-a44ff0d5-09ca-4621-9bb7-590a01df3259' catalogId='OlaKristianHoff#fence_picket' name='Fence picket' creator='Ola-Kristian Hoff' model='9/fence_picket.obj' x='-353.15765' y='239.1594' angle='1.5707964' width='85.0' depth='6.0' height='125.0' movable='false'/>
  <pieceOfFurniture level='level-a44ff0d5-09ca-4621-9bb7-590a01df3259' catalogId='OlaKristianHoff#fence_picket' name='Fence picket' creator='Ola-Kristian Hoff' model='9/fence_picket.obj' x='-353.15765' y='326.91962' angle='1.5707964' width='85.0' depth='6.0' height='125.0' movable='false'/>
  <pieceOfFurniture level='level-a44ff0d5-09ca-4621-9bb7-590a01df3259' catalogId='OlaKristianHoff#fence_picket' name='Fence picket' creator='Ola-Kristian Hoff' model='9/fence_picket.obj' x='-353.15765' y='416.3357' angle='1.5707964' width='85.0' depth='6.0' height='125.0' movable='false'/>
  <pieceOfFurniture level='level-a44ff0d5-09ca-4621-9bb7-590a01df3259' catalogId='OlaKristianHoff#fence_picket' name='Fence picket' creator='Ola-Kristian Hoff' model='9/fence_picket.obj' x='-353.15765' y='504.0954' angle='1.5707964' width='85.0' depth='6.0' height='125.0' movable='false'/>
  <pieceOfFurniture level='level-a44ff0d5-09ca-4621-9bb7-590a01df3259' catalogId='OlaKristianHoff#fence_picket' name='Fence picket' creator='Ola-Kristian Hoff' model='9/fence_picket.obj' x='-353.15765' y='591.8549' angle='1.5707964' width='85.0' depth='6.0' height='125.0' movable='false'/>
  <pieceOfFurniture level='level-a44ff0d5-09ca-4621-9bb7-590a01df3259' catalogId='OlaKristianHoff#fence_picket' name='Fence picket' creator='Ola-Kristian Hoff' model='9/fence_picket.obj' x='-353.15765' y='679.61475' angle='1.5707964' width='85.0' depth='6.0' height='125.0' movable='false'/>
  <pieceOfFurniture level='level-a44ff0d5-09ca-4621-9bb7-590a01df3259' catalogId='OlaKristianHoff#fence_picket' name='Fence picket' creator='Ola-Kristian Hoff' model='9/fence_picket.obj' x='-353.15765' y='769.03046' angle='1.5707964' width='85.0' depth='6.0' height='125.0' movable='false'/>
  <pieceOfFurniture level='level-a44ff0d5-09ca-4621-9bb7-590a01df3259' catalogId='OlaKristianHoff#fence_picket' name='Fence picket' creator='Ola-Kristian Hoff' model='9/fence_picket.obj' x='-353.15765' y='856.79016' angle='1.5707964' width='85.0' depth='6.0' height='125.0' movable='false'/>
  <pieceOfFurniture level='level-a44ff0d5-09ca-4621-9bb7-590a01df3259' catalogId='OlaKristianHoff#fence_picket' name='Fence picket' creator='Ola-Kristian Hoff' model='9/fence_picket.obj' x='-351.7697' y='945.69086' angle='1.5707964' width='85.0' depth='6.0' height='125.0' movable='false'/>
  <pieceOfFurniture level='level-a44ff0d5-09ca-4621-9bb7-590a01df3259' catalogId='OlaKristianHoff#fence_picket' name='Fence picket' creator='Ola-Kristian Hoff' model='9/fence_picket.obj' x='-351.7697' y='1033.451' angle='1.5707964' width='85.0' depth='6.0' height='125.0' movable='false'/>
  <pieceOfFurniture level='level-a44ff0d5-09ca-4621-9bb7-590a01df3259' catalogId='OlaKristianHoff#fence_picket' name='Fence picket' creator='Ola-Kristian Hoff' model='9/fence_picket.obj' x='-351.7697' y='1122.8673' angle='1.5707964' width='85.0' depth='6.0' height='125.0' movable='false'/>
  <pieceOfFurniture level='level-a44ff0d5-09ca-4621-9bb7-590a01df3259' catalogId='OlaKristianHoff#fence_picket' name='Fence picket' creator='Ola-Kristian Hoff' model='9/fence_picket.obj' x='-351.7697' y='1210.627' angle='1.5707964' width='85.0' depth='6.0' height='125.0' movable='false'/>
  <pieceOfFurniture level='level-a44ff0d5-09ca-4621-9bb7-590a01df3259' catalogId='OlaKristianHoff#fence_picket' name='Fence picket' creator='Ola-Kristian Hoff' model='9/fence_picket.obj' x='-351.7697' y='1298.3864' angle='1.5707964' width='85.0' depth='6.0' height='125.0' movable='false'/>
  <pieceOfFurniture level='level-a44ff0d5-09ca-4621-9bb7-590a01df3259' catalogId='OlaKristianHoff#fence_picket' name='Fence picket' creator='Ola-Kristian Hoff' model='9/fence_picket.obj' x='-351.7697' y='1386.1461' angle='1.5707964' width='85.0' depth='6.0' height='125.0' movable='false'/>
  <pieceOfFurniture level='level-a44ff0d5-09ca-4621-9bb7-590a01df3259' catalogId='OlaKristianHoff#fence_picket' name='Fence picket' creator='Ola-Kristian Hoff' model='9/fence_picket.obj' x='-351.7697' y='1475.5619' angle='1.5707964' width='85.0' depth='6.0' height='125.0' movable='false'/>
  <pieceOfFurniture level='level-a44ff0d5-09ca-4621-9bb7-590a01df3259' catalogId='OlaKristianHoff#fence_picket' name='Fence picket' creator='Ola-Kristian Hoff' model='9/fence_picket.obj' x='-351.7697' y='1563.3217' angle='1.5707964' width='85.0' depth='6.0' height='125.0' movable='false'/>
  <pieceOfFurniture level='level-a44ff0d5-09ca-4621-9bb7-590a01df3259' catalogId='OlaKristianHoff#fence_picket' name='Fence picket' creator='Ola-Kristian Hoff' model='9/fence_picket.obj' x='-351.7697' y='1653.6752' angle='1.5707964' width='85.0' depth='6.0' height='125.0' movable='false'/>
  <doorOrWindow level='level-a44ff0d5-09ca-4621-9bb7-590a01df3259' catalogId='Scopia#garage-door' name='Garage door' creator='Scopia' model='13/garage-door.obj' x='804.95886' y='1361.3488' angle='4.712389' width='190.0' depth='18.0' height='321.0' movable='false'/>
  <doorOrWindow level='level-a44ff0d5-09ca-4621-9bb7-590a01df3259' catalogId='SeberRider#frontDoor2' name='Front door' creator='Seber Rider' model='15/frontDoor2.obj' x='401.06055' y='-0.18158129' angle='3.1415927' width='112.0' depth='20.00075' height='216.0' movable='false'/>
  <doorOrWindow level='level-a44ff0d5-09ca-4621-9bb7-590a01df3259' catalogId='eTeks#fixedWindow85x123' name='Fixed window' creator='eTeks' model='17/model.obj' x='627.4135' y='-0.18159416' elevation='25.0' angle='3.1415927' width='300.0' depth='20.00075' height='295.0' movable='false'/>
  <doorOrWindow level='level-a44ff0d5-09ca-4621-9bb7-590a01df3259' catalogId='eTeks#fixedWindow85x123' name='Fixed window' creator='eTeks' model='17/model.obj' x='811.374' y='220.80206' elevation='25.0' angle='1.5707964' width='399.0' depth='20.00075' height='295.0' movable='false'/>
  <doorOrWindow level='level-a44ff0d5-09ca-4621-9bb7-590a01df3259' catalogId='OlaKristianHoff#window_double_frame_sill' name='Double small window with sill' creator='Ola-Kristian Hoff' model='19/window_double_frame_sill.obj' x='10.203778' y='306.22998' elevation='111.0' angle='1.5707964' width='123.0' depth='32.258816' height='110.0' movable='false'/>
  <doorOrWindow level='level-a44ff0d5-09ca-4621-9bb7-590a01df3259' catalogId='OlaKristianHoff#door_window_thick_double' name='Double door window' creator='Ola-Kristian Hoff' model='21/door_window_thick_double.obj' x='186.94244' y='1452.4265' elevation='11.0' angle='1.7484555E-7' width='160.0' depth='23.590494' height='210.0' movable='false'/>
  <doorOrWindow level='level-a44ff0d5-09ca-4621-9bb7-590a01df3259' catalogId='Scopia#puerta' name='Door' creator='Scopia' model='23/puerta.obj' x='333.97043' y='384.38605' angle='1.5707964' width='87.0' depth='13.91995' height='210.0' movable='false'/>
  <doorOrWindow level='level-a44ff0d5-09ca-4621-9bb7-590a01df3259' catalogId='PeterSmolik#door1' name='Door' creator='Peter Smolik' model='25/door1.obj' x='203.57591' y='854.7469' angle='1.5707964' width='91.4' depth='9.923078' height='213.7' modelRotation='-1 0 0 0 1 0 0 0 -1' movable='false'/>
  <doorOrWindow level='level-a44ff0d5-09ca-4621-9bb7-590a01df3259' catalogId='PeterSmolik#door1' name='Door' creator='Peter Smolik' model='25/door1.obj' x='289.24197' y='918.06995' angle='6.283185' width='91.4' depth='9.923078' height='213.7' modelRotation='-1 0 0 0 1 0 0 0 -1' movable='false'/>
  <doorOrWindow level='level-a44ff0d5-09ca-4621-9bb7-590a01df3259' catalogId='eTeks#doubleOutwardOpeningWindow' name='Outward opening window' creator='eTeks' model='27/model.obj' x='5.60999' y='1287.0334' elevation='87.0' angle='1.5707964' width='146.0' depth='20.80075' height='152.0' movable='false'/>
  <doorOrWindow level='level-a44ff0d5-09ca-4621-9bb7-590a01df3259' catalogId='eTeks#doubleWindow126x163' name='Double window' creator='eTeks' model='29/model.obj' x='815.09' y='860.7767' elevation='47.0' angle='4.712389' width='132.1' depth='27.43275' height='174.0' movable='false'/>
  <doorOrWindow level='level-a44ff0d5-09ca-4621-9bb7-590a01df3259' catalogId='eTeks#doubleWindow126x163' name='Double window' creator='eTeks' model='29/model.obj' x='815.09' y='1147.3438' elevation='47.0' angle='4.712389' width='132.1' depth='27.43275' height='174.0' movable='false'/>
  <pieceOfFurniture level='level-a44ff0d5-09ca-4621-9bb7-590a01df3259' catalogId='Scopia#cat' name='Cat' creator='Scopia' model='31/cat.obj' x='419.46698' y='111.55469' angle='1.5707964' width='22.9' depth='34.0' height='45.600002'/>
  <pieceOfFurniture level='level-a44ff0d5-09ca-4621-9bb7-590a01df3259' catalogId='LucaPresidente#water' name='Toilet unit' creator='LucaPresidente' model='33/water.obj' x='274.99835' y='1015.2587' angle='3.1415927' width='36.0' depth='55.7' height='45.3'/>
  <pieceOfFurniture level='level-a44ff0d5-09ca-4621-9bb7-590a01df3259' catalogId='Kator Legaz#bathroom-tissue' name='Toilet paper dispenser' creator='Kator Legaz' model='35/bathroom-tissue.obj' x='219.18709' y='1005.43207' elevation='60.0' angle='6.283185' width='21.300001' depth='17.300001' height='15.0'/>
  <pieceOfFurniture level='level-a44ff0d5-09ca-4621-9bb7-590a01df3259' catalogId='Blend Swap CC-BY#washbasin_jay_hardy' name='Washbasin' creator='Jay-Artist' model='37/washbasin_jay_hardy.obj' x='315.68192' y='980.7079' width='59.7' depth='43.100002' height='86.700005' movable='false'/>
  <pieceOfFurniture level='level-a44ff0d5-09ca-4621-9bb7-590a01df3259' catalogId='Blend Swap CC-0#armchair2' name='Armchair' creator='Cris1983' model='39/armchair2.obj' x='496.80908' y='226.20328' angle='4.712389' width='95.3' depth='83.3' height='78.3'/>
  <pieceOfFurniture level='level-a44ff0d5-09ca-4621-9bb7-590a01df3259' catalogId='Blend Swap CC-BY#luckyBamboo' name='Bamboo' creator='Renderbob' model='41/luckyBamboo.obj' x='777.4752' y='449.99908' width='15.5' depth='14.900001' height='34.0'/>
  <pieceOfFurniture level='level-a44ff0d5-09ca-4621-9bb7-590a01df3259' catalogId='Puybaret#carpet' name='Carpet' creator='Emmanuel Puybaret' model='43/carpet.obj' x='608.87195' y='225.91156' width='160.0' depth='225.0' height='1.0'/>
  <pieceOfFurniture level='level-a44ff0d5-09ca-4621-9bb7-590a01df3259' catalogId='Blend Swap CC-0#armchair2' name='Armchair' creator='Cris1983' model='39/armchair2.obj' x='614.2357' y='380.06158' angle='3.1415927' width='95.3' depth='83.3' height='78.3'/>
  <pieceOfFurniture level='level-a44ff0d5-09ca-4621-9bb7-590a01df3259' catalogId='PeterSmolik#picture' name='Picture' creator='Peter Smolik' model='45/picture.obj' x='343.23715' y='517.65924' elevation='150.0' angle='4.712389' width='134.0' depth='9.5' height='81.5'/>
  <pieceOfFurniture level='level-a44ff0d5-09ca-4621-9bb7-590a01df3259' catalogId='Scopia#wall-flat-tv' name='Wall flat TV' creator='Scopia' model='47/wall-flat-tv.obj' x='795.874' y='669.7607' elevation='150.0' angle='1.5707964' width='127.0' depth='11.0' height='79.0'/>
  <pieceOfFurniture level='level-a44ff0d5-09ca-4621-9bb7-590a01df3259' catalogId='Scopia#table-with-leaning-feet' name='Table' creator='Scopia' model='49/table-with-leaning-feet.obj' x='583.3009' y='1141.8955' width='150.0' depth='65.0' height='75.0'/>
  <pieceOfFurniture level='level-a44ff0d5-09ca-4621-9bb7-590a01df3259' catalogId='Blend Swap CC-0#oakChair' name='Oak chair' creator='Doug C' model='51/oakChair.obj' x='588.5643' y='1082.1395' width='49.100002' depth='61.2' height='117.8'/>
  <pieceOfFurniture level='level-a44ff0d5-09ca-4621-9bb7-590a01df3259' catalogId='Blend Swap CC-0#oakChair' name='Oak chair' creator='Doug C' model='51/oakChair.obj' x='585.993' y='1204.9955' width='49.100002' depth='61.2' height='117.8'/>
  <pieceOfFurniture level='level-a44ff0d5-09ca-4621-9bb7-590a01df3259' catalogId='Blend Swap CC-0#oakChair' name='Oak chair' creator='Doug C' model='51/oakChair.obj' x='446.28082' y='1143.424' angle='4.712389' width='49.100002' depth='61.2' height='117.8'/>
  <pieceOfFurniture level='level-a44ff0d5-09ca-4621-9bb7-590a01df3259' catalogId='Blend Swap CC-0#oakChair' name='Oak chair' creator='Doug C' model='51/oakChair.obj' x='728.2763' y='1145.1381' angle='1.5707964' width='49.100002' depth='61.2' height='117.8'/>
  <pieceOfFurniture level='level-a44ff0d5-09ca-4621-9bb7-590a01df3259' catalogId='Scopia#clothes_washing_machine' name='Clothes washing machine' creator='Scopia' model='53/clothes_washing_machine.obj' x='57.140335' y='1004.05524' angle='4.712389' width='59.0' depth='60.100002' height='84.200005'/>
  <pieceOfFurniture level='level-a44ff0d5-09ca-4621-9bb7-590a01df3259' catalogId='LucaPresidente#cucina' name='Cooker' creator='LucaPresidente' model='55/cucina.obj' x='60.594482' y='1089.2534' width='80.0' depth='66.0' height='81.1'/>
  <pieceOfFurniture level='level-a44ff0d5-09ca-4621-9bb7-590a01df3259' catalogId='LucaPresidente#lavastoviglie' name='Dishwasher' creator='LucaPresidente' model='57/lavastoviglie.obj' x='135.45026' y='1089.2678' width='60.0' depth='62.600002' height='78.0'/>
  <pieceOfFurniture level='level-a44ff0d5-09ca-4621-9bb7-590a01df3259' catalogId='LucaPresidente#frigo' name='Fridge' creator='LucaPresidente' model='59/frigo.obj' x='201.44922' y='1090.125' width='60.0' depth='62.600002' height='180.0'/>
  <pieceOfFurniture level='level-a44ff0d5-09ca-4621-9bb7-590a01df3259' catalogId='Omari#pensile_cucina_60x70' name='Glass door cabinet' creator='Ben Omari' model='61/pensile_cucina_Scene.obj' x='275.87665' y='1084.4319' elevation='148.0' width='70.0' depth='49.5' height='59.0'/>
  <pieceOfFurniture level='level-a44ff0d5-09ca-4621-9bb7-590a01df3259' catalogId='Blend Swap CC-BY#hood' name='Hood' creator='Jay-Artist' model='63/hood.obj' x='80.79794' y='1070.3287' elevation='188.5' width='101.6' depth='39.2' height='48.600002' movable='false'/>
  <pieceOfFurniture level='level-a44ff0d5-09ca-4621-9bb7-590a01df3259' catalogId='Omari#isola_cicina_150x90' name='Red island' creator='Ben Omari' model='65/isola_cucina_150x90_Scene.obj' x='196.73572' y='1250.2058' width='150.0' depth='105.0' height='100.0'/>
  <pieceOfFurniture level='level-a44ff0d5-09ca-4621-9bb7-590a01df3259' catalogId='OlaKristianHoff#staircase_180_landing' name='Half landing staircase' creator='Ola-Kristian Hoff' model='67/staircase_180_landing.obj' x='148.70082' y='701.0247' angle='4.712389' width='200.0' depth='260.0' height='349.0' movable='false'/>
  <pieceOfFurniture level='level-a44ff0d5-09ca-4621-9bb7-590a01df3259' catalogId='Blend Swap CC-0#crate' name='Crate' creator='GyngaNynja' model='69/crate.obj' x='70.94742' y='651.6656' angle='3.1415927' width='60.0' depth='58.9' height='59.4'/>
  <pieceOfFurniture level='level-a44ff0d5-09ca-4621-9bb7-590a01df3259' catalogId='Scopia#open-cardboard-box' name='Open cardboard box' creator='Scopia' model='71/open-cardboard-box.obj' x='90.07495' y='752.48395' width='81.5' depth='62.5' height='43.7'/>
  <pieceOfFurniture level='level-a44ff0d5-09ca-4621-9bb7-590a01df3259' catalogId='Scopia#vase5' name='Vase' creator='Scopia' model='73/vase5.obj' x='785.77405' y='528.09607' angle='1.5707964' width='32.600002' depth='31.2' height='87.4'/>
  <pieceOfFurniture level='level-a44ff0d5-09ca-4621-9bb7-590a01df3259' catalogId='Blend Swap CC-0#umbrellaFolded' name='Umbrella' creator='Ralmon' model='75/umbrellaFolded.obj' x='246.37494' y='639.8426' width='35.8' depth='35.7' height='80.0'/>
  <pieceOfFurniture level='level-a44ff0d5-09ca-4621-9bb7-590a01df3259' catalogId='Kator Legaz#clothes-hanger' name='Clothes hanger' creator='Kator Legaz' model='77/clothes-hanger.obj' x='240.95297' y='678.06305' width='43.0' depth='1.3000001' height='21.5'/>
  <pieceOfFurniture level='level-a44ff0d5-09ca-4621-9bb7-590a01df3259' catalogId='eTeks#desk' name='Desk' creator='eTeks' model='79/model.obj' x='89.41708' y='559.5047' width='140.0' depth='67.8' height='77.0'/>
  <pieceOfFurniture level='level-a44ff0d5-09ca-4621-9bb7-590a01df3259' catalogId='eTeks#filledBookcase' name='Filled bookcase' creator='eTeks' model='81/model.obj' x='241.40527' y='34.628723' width='100.0' depth='35.0' height='180.0'/>
  <pieceOfFurniture level='level-a44ff0d5-09ca-4621-9bb7-590a01df3259' catalogId='eTeks#filledBookcase' name='Filled bookcase' creator='eTeks' model='81/model.obj' x='308.90527' y='67.07489' angle='1.5707964' width='100.0' depth='35.0' height='180.0'/>
  <pieceOfFurniture level='level-a44ff0d5-09ca-4621-9bb7-590a01df3259' catalogId='eTeks#filledBookcase' name='Filled bookcase' creator='eTeks' model='81/model.obj' x='308.90527' y='165.9805' angle='1.5707964' width='100.0' depth='35.0' height='180.0'/>
  <pieceOfFurniture level='level-a44ff0d5-09ca-4621-9bb7-590a01df3259' catalogId='Blend Swap CC-BY#armChair2' name='Armchair' creator='TreyClaine' model='83/armChair2.obj' x='177.88824' y='165.49171' angle='4.1887903' width='97.8' depth='82.1' height='88.5'/>
  <pieceOfFurniture level='level-a44ff0d5-09ca-4621-9bb7-590a01df3259' catalogId='Carvalho#monitorLCD' name='Monitor LCD' creator='Carvalho' model='85/monitorLCD.obj' x='82.52492' y='560.65607' elevation='77.0' angle='3.1415927' width='66.4' depth='30.7' height='56.8'/>
  <pieceOfFurniture level='level-a44ff0d5-09ca-4621-9bb7-590a01df3259' catalogId='Blend Swap CC-0#whiteBoard' name='White board' creator='Redsymbzone' model='87/whiteBoard.obj' x='103.10689' y='37.36842' width='124.700005' depth='55.100002' height='129.0'/>
  <pieceOfFurniture level='level-a44ff0d5-09ca-4621-9bb7-590a01df3259' catalogId='Scopia#kids_wooden_desk' name='Wooden desk' creator='Scopia' model='89/kids_wooden_desk.obj' x='46.91' y='145.22064' angle='4.712389' width='100.4' depth='61.8' height='74.6'/>
  <pieceOfFurniture level='level-a44ff0d5-09ca-4621-9bb7-590a01df3259' catalogId='Carvalho#monitorLCD' name='Monitor LCD' creator='Carvalho' model='85/monitorLCD.obj' x='50.49211' y='144.22986' elevation='77.0' angle='4.712389' width='66.4' depth='30.7' height='56.8'/>
  <doorOrWindow level='level-440b06ce-6463-4dc0-abd7-da3de9e086f4' catalogId='eTeks#fixedWindow85x123' name='Fixed window' creator='eTeks' model='17/model.obj' x='626.5693' y='2.641315' angle='3.1415927' width='303.0' depth='9.0' height='295.0' movable='false'/>
  <doorOrWindow level='level-440b06ce-6463-4dc0-abd7-da3de9e086f4' catalogId='eTeks#fixedWindow85x123' name='Fixed window' creator='eTeks' model='17/model.obj' x='809.1063' y='220.80206' angle='1.5707964' width='399.0' depth='20.00075' height='295.0' movable='false'/>
  <doorOrWindow level='level-440b06ce-6463-4dc0-abd7-da3de9e086f4' catalogId='OlaKristianHoff#door_window_thick_double' name='Double door window' creator='Ola-Kristian Hoff' model='21/door_window_thick_double.obj' x='274.90802' y='-1.9764535' angle='3.1415927' width='160.0' depth='23.590494' height='295.0' movable='false'/>
  <doorOrWindow level='level-440b06ce-6463-4dc0-abd7-da3de9e086f4' catalogId='eTeks#fixedWindow85x123' name='Fixed window' creator='eTeks' model='17/model.obj' x='107.34009' y='-0.1815817' width='177.0' depth='20.00075' height='295.0' movable='false'/>
  <pieceOfFurniture level='level-440b06ce-6463-4dc0-abd7-da3de9e086f4' catalogId='OlaKristianHoff#sauna_120x120' name='Sauna' creator='Ola-Kristian Hoff' model='91/sauna_120x120.obj' x='127.51' y='288.98633' angle='4.712389' width='225.0' depth='223.0' height='242.0'/>
  <pieceOfFurniture level='level-440b06ce-6463-4dc0-abd7-da3de9e086f4' catalogId='Blend Swap CC-0#showerStall' name='Shower stall' creator='Asterlil' model='93/showerStall.obj' x='129.0914' y='507.80035' width='93.1' depth='111.9' height='200.0'/>
  <pieceOfFurniture level='level-440b06ce-6463-4dc0-abd7-da3de9e086f4' catalogId='Scopia#beach_chair' name='Beach chair' creator='Scopia' model='95/beach_chair.obj' x='69.67615' y='92.797195' angle='3.1415927' width='81.0' depth='146.0' height='108.1'/>
  <pieceOfFurniture level='level-440b06ce-6463-4dc0-abd7-da3de9e086f4' catalogId='Scopia#beach_chair' name='Beach chair' creator='Scopia' model='95/beach_chair.obj' x='242.85272' y='92.797195' angle='3.1415927' width='81.0' depth='146.0' height='108.1'/>
  <pieceOfFurniture level='level-440b06ce-6463-4dc0-abd7-da3de9e086f4' catalogId='eTeks#bath' name='Bath' creator='eTeks' model='97/model.obj' x='158.78497' y='92.3639' angle='1.5707964' width='142.0' depth='67.0' height='57.2' modelRotation='0 0 -1 0 1 0 1 0 0' movable='false'/>
  <doorOrWindow level='level-440b06ce-6463-4dc0-abd7-da3de9e086f4' catalogId='eTeks#door' name='Door' creator='eTeks' model='99/model.obj' x='356.4618' y='914.7073' angle='1.5707964' width='91.4' depth='14.839428' height='208.3' movable='false'/>
  <doorOrWindow level='level-440b06ce-6463-4dc0-abd7-da3de9e086f4' catalogId='Scopia#puerta' name='Door' creator='Scopia' model='23/puerta.obj' x='461.89786' y='1059.3157' angle='4.712389' width='87.0' depth='13.91995' height='210.0' movable='false'/>
  <doorOrWindow level='level-440b06ce-6463-4dc0-abd7-da3de9e086f4' catalogId='eTeks#door' name='Door' creator='eTeks' model='99/model.obj' x='356.4618' y='1251.4396' angle='1.5707964' width='91.4' depth='14.839428' height='208.3' movable='false'/>
  <doorOrWindow level='level-440b06ce-6463-4dc0-abd7-da3de9e086f4' catalogId='eTeks#door' name='Door' creator='eTeks' model='99/model.obj' x='409.18423' y='1362.8735' angle='3.1415927' width='91.4' depth='14.839428' height='208.3' movable='false'/>
  <doorOrWindow level='level-440b06ce-6463-4dc0-abd7-da3de9e086f4' catalogId='OlaKristianHoff#door_window_thick' name='Door window' creator='Ola-Kristian Hoff' model='101/door_window_thick.obj' x='461.05777' y='1302.523' elevation='11.0' angle='4.712389' width='80.0' depth='8.988442' height='210.0' movable='false'/>
  <doorOrWindow level='level-440b06ce-6463-4dc0-abd7-da3de9e086f4' catalogId='OlaKristianHoff#door_window_thick' name='Door window' creator='Ola-Kristian Hoff' model='101/door_window_thick.obj' x='280.39713' y='510.72113' elevation='11.0' angle='1.5707964' width='80.0' depth='8.988442' height='210.0' movable='false'/>
  <pieceOfFurniture level='level-440b06ce-6463-4dc0-abd7-da3de9e086f4' catalogId='Blend Swap CC-0#bed3' name='Bed' creator='SVAFnemesis' model='103/bed3.obj' x='659.18726' y='937.909' width='202.2' depth='228.2' height='114.200005'/>
  <pieceOfFurniture level='level-440b06ce-6463-4dc0-abd7-da3de9e086f4' catalogId='Blend Swap CC-0#bedWithTexture' name='Bed' creator='Nhumrod' model='105/bedWithTexture.obj' x='177.79813' y='1008.18384' width='224.6' depth='226.40001' height='76.5'/>
  <pieceOfFurniture level='level-440b06ce-6463-4dc0-abd7-da3de9e086f4' catalogId='Scopia#bed1' name='Bed' creator='Scopia' model='107/bed1.obj' x='155.55658' y='1302.4644' width='170.5' depth='216.5' height='110.8'/>
  <doorOrWindow level='level-440b06ce-6463-4dc0-abd7-da3de9e086f4' catalogId='eTeks#doubleFrenchWindow126x200' name='Double French window' creator='eTeks' model='109/model.obj' x='807.65796' y='934.79395' elevation='10.8' angle='1.5707964' width='132.1' depth='27.43275' height='209.90001' movable='false'/>
  <doorOrWindow level='level-440b06ce-6463-4dc0-abd7-da3de9e086f4' catalogId='eTeks#doubleFrenchWindow126x200' name='Double French window' creator='eTeks' model='109/model.obj' x='9.725991' y='1309.3213' elevation='10.8' angle='4.712389' width='132.1' depth='27.43275' height='209.90001' movable='false'/>
  <pieceOfFurniture level='level-440b06ce-6463-4dc0-abd7-da3de9e086f4' catalogId='LucaPresidente#water' name='Toilet unit' creator='LucaPresidente' model='33/water.obj' x='413.49368' y='1413.9684' angle='3.1415925' width='36.0' depth='55.7' height='45.3'/>
  <pieceOfFurniture level='level-440b06ce-6463-4dc0-abd7-da3de9e086f4' catalogId='PeterSmolik#hallTable' name='Dresser' creator='Peter Smolik' model='111/hallTable.obj' x='698.57513' y='1293.9729' width='117.4' depth='62.9' height='87.6'/>
  <pieceOfFurniture level='level-440b06ce-6463-4dc0-abd7-da3de9e086f4' catalogId='Geantick#glassDoorCabinet' name='Glass-door cabinet' creator='Geantick' model='113/model.obj' x='566.4745' y='1411.3071' angle='3.1415927' width='74.5' depth='45.5' height='150.0'/>
  <pieceOfFurniture level='level-440b06ce-6463-4dc0-abd7-da3de9e086f4' catalogId='Icybones#etageres' name='Shelves' creator='Icybones' model='115/model.obj' x='714.3651' y='1415.7539' width='149.0' depth='39.0' height='149.0'/>
  <doorOrWindow level='level-440b06ce-6463-4dc0-abd7-da3de9e086f4' catalogId='OlaKristianHoff#door_window_thick_double' name='Double door window' creator='Ola-Kristian Hoff' model='21/door_window_thick_double.obj' x='809.5791' y='1112.2903' elevation='11.0' angle='1.5707964' width='160.0' depth='23.590494' height='210.0' movable='false'/>
  <doorOrWindow level='level-440b06ce-6463-4dc0-abd7-da3de9e086f4' catalogId='OlaKristianHoff#door_window_thick_double' name='Double door window' creator='Ola-Kristian Hoff' model='21/door_window_thick_double.obj' x='7.804863' y='1022.1463' elevation='11.0' angle='4.712389' width='160.0' depth='23.590494' height='210.0' movable='false'/>
  <pieceOfFurniture level='level-af9b77e5-ac10-47f2-a406-d44e421bbbfd' catalogId='OlaKristianHoff#solar_panel_140W' name='Solar panel' creator='Ola-Kristian Hoff' model='117/solar_panel_140W.obj' x='563.93353' y='565.3429' angle='4.712389' width='212.0' depth='378.0' height='107.200005' modelRotation='1 0 0 0 0.70710677 -0.70710677 0 0.70710677 0.70710677'/>
  <pieceOfFurniture level='level-af9b77e5-ac10-47f2-a406-d44e421bbbfd' catalogId='OlaKristianHoff#solar_panel_140W' name='Solar panel' creator='Ola-Kristian Hoff' model='117/solar_panel_140W.obj' x='561.316' y='300.96423' angle='4.712389' width='212.0' depth='378.0' height='107.200005' modelRotation='1 0 0 0 0.70710677 -0.70710677 0 0.70710677 0.70710677'/>
  <light level='level-440b06ce-6463-4dc0-abd7-da3de9e086f4' catalogId='Scopia#chandelier-lamp' name='Chandelier lamp' creator='Scopia' model='119/chandelier-lamp.obj' x='605.76154' y='201.12415' elevation='60.0' width='130.6' depth='130.6' height='185.40001'/>
  <pieceOfFurniture level='level-440b06ce-6463-4dc0-abd7-da3de9e086f4' catalogId='Geantick#rampe' name='Handrail' creator='Geantick' model='121/model.obj' x='382.50616' y='304.53232' angle='4.712389' width='578.0' depth='6.0' height='85.200005' modelRotation='1 0 0 0 0 1 0 -1 0' movable='false'/>
  <pieceOfFurniture level='level-440b06ce-6463-4dc0-abd7-da3de9e086f4' catalogId='Geantick#rampe' name='Handrail' creator='Geantick' model='121/model.obj' x='416.2311' y='695.6556' angle='4.3982296' width='222.0' depth='0.1' height='85.200005' modelRotation='1 0 0 0 0 1 0 -1 0' movable='false'/>
</home>