<?xml version='1.0'?>
<home version='7000' exportFlags='27' name='lakaHouse.sh3d' structure='HomeStructure/Home.obj' camera='topCamera'>
  <environment groundColor='00A8A8A8' skyColor='00CCE4FC' lightColor='00D0D0D0'>
    <observerCamera attribute='cameraPath' id='observerCamera-a018133e-1131-42e9-96b3-10b4fae121da' lens='PINHOLE' x='574.0193' y='641.4576' z='124.473816' yaw='15.445829' pitch='1.4507964' fieldOfView='1.0995575' time='1672833600000'/>
  </environment>
  <observerCamera attribute='observerCamera' lens='PINHOLE' x='574.0193' y='641.4576' z='124.473816' yaw='15.445829' pitch='1.4507964' fieldOfView='1.0995575' time='1672833600000'/>
  <camera attribute='topCamera' lens='PINHOLE' x='640.1201' y='1035.9064' z='2008.6951' yaw='-129.23741' pitch='1.420796' fieldOfView='1.0995575' time='1672833600000'/>
  <doorOrWindow catalogId='eTeks#door' name='Door' creator='eTeks' model='1/model.obj' x='332.86652' y='88.85126' angle='6.2805257' width='91.4' depth='14.839428' height='208.3' movable='false'/>
  <pieceOfFurniture catalogId='eTeks#clothesWasher' name='Clothes washer' creator='eTeks' model='3/model.obj' x='164.37952' y='1160.6559' width='59.7' depth='62.9' height='85.1'/>
  <pieceOfFurniture catalogId='eTeks#cooker' name='Cooker' creator='eTeks' model='5/model.obj' x='224.07951' y='1160.3384' width='59.7' depth='62.2' height='85.1'/>
  <pieceOfFurniture catalogId='eTeks#dishwasher' name='Dishwasher' creator='eTeks' model='7/model.obj' x='286.0858' y='1161.0288' width='59.7' depth='64.8' height='85.1'/>
  <pieceOfFurniture catalogId='eTeks#flatTV' name='Flat TV' creator='eTeks' model='9/model.obj' x='911.49' y='647.44214' angle='1.5707964' width='121.0' depth='30.0' height='79.3'/>
  <pieceOfFurniture catalogId='eTeks#fridgeFreezer' name='Fridge &amp; Freezer' creator='eTeks' model='11/model.obj' x='361.58835' y='1160.7174' width='59.7' depth='66.0' height='185.40001'/>
  <pieceOfFurniture catalogId='eTeks#sink' name='Sink' creator='eTeks' model='13/model.obj' x='280.69043' y='1322.0916' width='120.0' depth='63.5' height='106.0' movable='false'/>
  <pieceOfFurniture catalogId='eTeks#table' name='Table' creator='eTeks' model='15/model.obj' x='673.51544' y='1244.2527' width='150.0' depth='75.0' height='74.0'/>
  <doorOrWindow catalogId='eTeks#fixedWindow85x123' name='Fixed window' creator='eTeks' model='17/model.obj' x='930.3' y='1245.8184' elevation='87.0' angle='1.5707964' width='167.0' depth='7.62075' height='134.0' movable='false'/>
  <doorOrWindow catalogId='eTeks#fixedWindow85x123' name='Fixed window' creator='eTeks' model='17/model.obj' x='725.5362' y='85.2136' elevation='25.0' angle='6.2805257' width='400.0' depth='7.62075' height='275.0' movable='false'/>
  <doorOrWindow catalogId='eTeks#fixedWindow85x123' name='Fixed window' creator='eTeks' model='17/model.obj' x='930.30005' y='280.62067' elevation='25.0' angle='1.5707964' width='400.0' depth='7.62075' height='275.0' movable='false'/>
  <pieceOfFurniture catalogId='eTeks#chair' name='Chair' creator='eTeks' model='19/model.obj' x='730.3981' y='1167.6962' width='40.0' depth='41.9' height='90.200005'/>
  <pieceOfFurniture catalogId='eTeks#chair' name='Chair' creator='eTeks' model='19/model.obj' x='620.0846' y='1166.8207' width='40.0' depth='41.9' height='90.200005'/>
  <pieceOfFurniture catalogId='eTeks#chair' name='Chair' creator='eTeks' model='19/model.obj' x='731.27356' y='1322.6602' angle='3.1415927' width='40.0' depth='41.9' height='90.200005'/>
  <pieceOfFurniture catalogId='eTeks#chair' name='Chair' creator='eTeks' model='19/model.obj' x='627.0886' y='1323.5356' angle='3.1415927' width='40.0' depth='41.9' height='90.200005'/>
  <doorOrWindow catalogId='eTeks#doubleHungWindow80x122' name='Double-hung window' creator='eTeks' model='21/model.obj' x='118.40298' y='454.42953' elevation='100.0' angle='1.5707964' width='146.0' depth='8.1297655' height='128.0' movable='false'/>
  <doorOrWindow catalogId='eTeks#doubleHungWindow80x122' name='Double-hung window' creator='eTeks' model='21/model.obj' x='118.40298' y='999.6273' elevation='100.0' angle='1.5707964' width='114.0' depth='8.1297655' height='128.0' movable='false'/>
  <doorOrWindow catalogId='eTeks#door' name='Door' creator='eTeks' model='1/model.obj' x='417.6766' y='539.1843' angle='1.5707964' width='91.4' depth='14.839428' height='208.3' movable='false'/>
  <doorOrWindow catalogId='eTeks#door' name='Door' creator='eTeks' model='1/model.obj' x='413.29904' y='1029.466' angle='1.5707964' width='91.4' depth='14.839428' height='208.3' movable='false'/>
  <doorOrWindow catalogId='eTeks#door' name='Door' creator='eTeks' model='1/model.obj' x='413.29904' y='797.45746' angle='1.5707964' width='91.4' depth='14.839428' height='208.3' movable='false'/>
  <pieceOfFurniture name='siameseCat' model='23/siameseCat.obj' x='486.40723' y='188.59767' angle='2.3561945' width='13.262737' depth='81.27527' height='42.064766'/>
  <pieceOfFurniture name='winchesterArmchair' model='25/winchesterArmchair.obj' x='585.40204' y='311.98914' angle='4.712389' width='111.98599' depth='93.423004' height='80.426'/>
  <pieceOfFurniture name='carpet' model='27/carpet.obj' x='721.1135' y='300.34164' width='178.0' depth='282.0' height='1.000026'/>
  <pieceOfFurniture name='table_granmother_marble' model='29/table_granmother_marble.obj' x='720.12964' y='303.39' elevation='1.000026' width='120.0' depth='120.0' height='70.000015'/>
  <pieceOfFurniture name='stairs_180_circular_notopstep_rail' model='31/stairs_180_circular_notopstep_rail.obj' x='582.4921' y='749.2982' angle='1.5707964' width='208.0' depth='157.0' height='355.2511' movable='false'/>
  <pieceOfFurniture catalogId='eTeks#filledBookcase' name='Filled bookcase' creator='eTeks' model='33/model.obj' x='394.58234' y='290.04572' angle='1.5707964' width='100.0' depth='35.0' height='180.0'/>
  <pieceOfFurniture catalogId='eTeks#filledBookcase' name='Filled bookcase' creator='eTeks' model='33/model.obj' x='394.58234' y='388.95132' angle='1.5707964' width='100.0' depth='35.0' height='180.0'/>
  <pieceOfFurniture catalogId='eTeks#filledBookcase' name='Filled bookcase' creator='eTeks' model='33/model.obj' x='327.08234' y='257.59955' width='100.0' depth='35.0' height='180.0'/>
  <pieceOfFurniture catalogId='eTeks#desk' name='Desk' creator='eTeks' model='35/model.obj' x='202.19135' y='268.56293' width='140.0' depth='67.8' height='77.0'/>
  <pieceOfFurniture catalogId='eTeks#armchair' name='Armchair' creator='eTeks' model='37/model.obj' x='316.38522' y='361.81433' angle='3.6651917' width='87.0' depth='92.1' height='87.0'/>
  <pieceOfFurniture catalogId='eTeks#desk' name='Desk' creator='eTeks' model='35/model.obj' x='161.62048' y='599.39966' angle='4.712389' width='140.0' depth='67.8' height='77.0'/>
  <pieceOfFurniture catalogId='eTeks#tvUnit' name='TV unit' creator='eTeks' model='39/model.obj' x='176.34903' y='946.9231' angle='5.4977875' width='100.3' depth='52.100002' height='92.700005'/>
  <pieceOfFurniture catalogId='eTeks#desk' name='Desk' creator='eTeks' model='35/model.obj' x='199.56485' y='1073.5216' width='140.0' depth='67.8' height='77.0'/>
  <pieceOfFurniture catalogId='eTeks#laptop' name='Laptop' creator='eTeks' model='41/model.obj' x='198.34503' y='1069.8252' elevation='77.0' angle='3.1415927' width='32.5' depth='35.5' height='19.2'/>
  <pieceOfFurniture catalogId='eTeks#armchair2' name='Armchair' creator='eTeks' model='43/model.obj' x='373.03235' y='943.7659' angle='1.5707964' width='80.0' depth='78.1' height='77.200005'/>
  <pieceOfFurniture catalogId='eTeks#plant' name='Plant' creator='eTeks' model='45/model.obj' x='386.68234' y='1078.2216' angle='1.5707964' width='58.4' depth='50.8' height='81.3'/>
  <pieceOfFurniture catalogId='eTeks#bookcase' name='Bookcase' creator='eTeks' model='47/model.obj' x='317.28235' y='1087.4215' angle='3.1415927' width='88.0' depth='40.0' height='210.8'/>
  <pieceOfFurniture name='cat' model='49/cat.obj' x='296.84543' y='1009.8149' width='22.862543' depth='33.987717' height='45.62473'/>
  <pieceOfFurniture name='whiteBoard' model='51/whiteBoard.obj' x='325.85373' y='642.1575' width='124.65436' depth='55.108' height='129.00616'/>
  <pieceOfFurniture name='officeChair3' model='53/officeChair3.obj' x='232.95602' y='601.6322' angle='1.5707964' width='55.887985' depth='56.35501' height='107.02901'/>
  <pieceOfFurniture name='simple_sofa' model='55/simple_sofa.obj' x='720.0426' y='472.34164' angle='3.1415927' width='168.0' depth='62.0' height='80.0'/>
  <doorOrWindow catalogId='eTeks#fixedWindow85x123' name='Fixed window' creator='eTeks' model='17/model.obj' x='930.3' y='860.0831' elevation='87.0' angle='1.5707964' width='167.0' depth='7.62075' height='134.0' movable='false'/>
  <doorOrWindow catalogId='eTeks#sliderWindow126x200' name='Slider window' creator='eTeks' model='57/model.obj' x='383.4203' y='1484.522' elevation='10.8' angle='3.1415927' width='245.0' depth='8.1297655' height='209.90001' movable='false'/>
  <doorOrWindow catalogId='eTeks#fixedWindow85x123' name='Fixed window' creator='eTeks' model='17/model.obj' x='118.657486' y='1264.9764' elevation='87.0' angle='4.712389' width='91.4' depth='7.62075' height='134.0' movable='false'/>
  <pieceOfFurniture catalogId='eTeks#slidingDoors' name='Sliding doors' creator='eTeks' model='59/model.obj' x='674.21173' y='1111.1475' width='469.0' depth='10.0' height='243.8' movable='false'/>
</home>