<?xml version='1.0'?>
<home version='7000' exportFlags='27' name='lakaHouse.sh3d' structure='HomeStructure/Home.obj' camera='topCamera'>
  <environment groundColor='00A8A8A8' skyColor='00CCE4FC' lightColor='00D0D0D0'>
    <observerCamera attribute='cameraPath' id='observerCamera-a018133e-1131-42e9-96b3-10b4fae121da' lens='PINHOLE' x='574.0193' y='641.4576' z='124.473816' yaw='15.445829' pitch='1.4507964' fieldOfView='1.0995575' time='1672833600000'/>
  </environment>
  <observerCamera attribute='observerCamera' lens='PINHOLE' x='574.0193' y='641.4576' z='124.473816' yaw='15.445829' pitch='1.4507964' fieldOfView='1.0995575' time='1672833600000'/>
  <camera attribute='topCamera' lens='PINHOLE' x='1645.964' y='783.7867' z='1654.1381' yaw='-73.828156' pitch='0.91999924' fieldOfView='1.0995575' time='1672833600000'/>
  <doorOrWindow catalogId='eTeks#door' name='Door' creator='eTeks' model='1/model.obj' x='332.86652' y='88.85126' angle='6.2805257' width='91.4' depth='14.839428' height='208.3' movable='false'/>
  <pieceOfFurniture catalogId='eTeks#curveStaircase' name='Curve staircase' creator='eTeks' model='3/model.obj' x='798.9751' y='859.4597' angle='4.712389' width='72.4' depth='238.1' height='362.0' movable='false'/>
  <pieceOfFurniture catalogId='eTeks#clothesWasher' name='Clothes washer' creator='eTeks' model='5/model.obj' x='164.37952' y='1160.6559' width='59.7' depth='62.9' height='85.1'/>
  <pieceOfFurniture catalogId='eTeks#cooker' name='Cooker' creator='eTeks' model='7/model.obj' x='224.07951' y='1160.3384' width='59.7' depth='62.2' height='85.1'/>
  <pieceOfFurniture catalogId='eTeks#dishwasher' name='Dishwasher' creator='eTeks' model='9/model.obj' x='286.0858' y='1161.0288' width='59.7' depth='64.8' height='85.1'/>
  <pieceOfFurniture catalogId='eTeks#flatTV' name='Flat TV' creator='eTeks' model='11/model.obj' x='911.49' y='671.51807' angle='1.5707964' width='121.0' depth='30.0' height='79.3'/>
  <pieceOfFurniture catalogId='eTeks#fridgeFreezer' name='Fridge &amp; Freezer' creator='eTeks' model='13/model.obj' x='361.58835' y='1160.7174' width='59.7' depth='66.0' height='185.40001'/>
  <pieceOfFurniture catalogId='eTeks#sink' name='Sink' creator='eTeks' model='15/model.obj' x='280.69043' y='1322.0916' width='120.0' depth='63.5' height='106.0' movable='false'/>
  <pieceOfFurniture catalogId='eTeks#table' name='Table' creator='eTeks' model='17/model.obj' x='673.51544' y='1244.2527' width='150.0' depth='75.0' height='74.0'/>
  <doorOrWindow catalogId='eTeks#fixedWindow85x123' name='Fixed window' creator='eTeks' model='19/model.obj' x='930.3' y='1245.8184' elevation='87.0' angle='1.5707964' width='167.0' depth='7.62075' height='134.0' movable='false'/>
  <doorOrWindow catalogId='eTeks#fixedWindow85x123' name='Fixed window' creator='eTeks' model='19/model.obj' x='725.5362' y='85.2136' elevation='25.0' angle='6.2805257' width='400.0' depth='7.62075' height='275.0' movable='false'/>
  <doorOrWindow catalogId='eTeks#fixedWindow85x123' name='Fixed window' creator='eTeks' model='19/model.obj' x='930.30005' y='280.62067' elevation='25.0' angle='1.5707964' width='400.0' depth='7.62075' height='275.0' movable='false'/>
  <pieceOfFurniture catalogId='eTeks#chair' name='Chair' creator='eTeks' model='21/model.obj' x='730.3981' y='1167.6962' width='40.0' depth='41.9' height='90.200005'/>
  <pieceOfFurniture catalogId='eTeks#chair' name='Chair' creator='eTeks' model='21/model.obj' x='620.0846' y='1166.8207' width='40.0' depth='41.9' height='90.200005'/>
  <pieceOfFurniture catalogId='eTeks#chair' name='Chair' creator='eTeks' model='21/model.obj' x='731.27356' y='1322.6602' angle='3.1415927' width='40.0' depth='41.9' height='90.200005'/>
  <pieceOfFurniture catalogId='eTeks#chair' name='Chair' creator='eTeks' model='21/model.obj' x='627.0886' y='1323.5356' angle='3.1415927' width='40.0' depth='41.9' height='90.200005'/>
  <doorOrWindow catalogId='eTeks#doubleHungWindow80x122' name='Double-hung window' creator='eTeks' model='23/model.obj' x='118.40298' y='454.42953' elevation='100.0' angle='1.5707964' width='146.0' depth='8.1297655' height='128.0' movable='false'/>
  <doorOrWindow catalogId='eTeks#doubleHungWindow80x122' name='Double-hung window' creator='eTeks' model='23/model.obj' x='118.40298' y='999.6273' elevation='100.0' angle='1.5707964' width='114.0' depth='8.1297655' height='128.0' movable='false'/>
  <doorOrWindow catalogId='eTeks#door' name='Door' creator='eTeks' model='1/model.obj' x='413.29904' y='556.6941' angle='1.5707964' width='91.4' depth='14.839428' height='208.3' movable='false'/>
  <doorOrWindow catalogId='eTeks#door' name='Door' creator='eTeks' model='1/model.obj' x='413.29904' y='1029.466' angle='1.5707964' width='91.4' depth='14.839428' height='208.3' movable='false'/>
  <doorOrWindow catalogId='eTeks#door' name='Door' creator='eTeks' model='1/model.obj' x='413.29904' y='797.45746' angle='1.5707964' width='91.4' depth='14.839428' height='208.3' movable='false'/>
  <pieceOfFurniture catalogId='eTeks#armchair2' name='Armchair' creator='eTeks' model='25/model.obj' x='550.60803' y='347.0878' angle='4.712389' width='134.0' depth='82.0' height='77.200005'/>
  <pieceOfFurniture catalogId='eTeks#roundTable' name='Round table' creator='eTeks' model='27/model.obj' x='707.2258' y='341.8706' width='125.700005' depth='125.700005' height='73.700005'/>
  <pieceOfFurniture catalogId='eTeks#armchair2' name='Armchair' creator='eTeks' model='25/model.obj' x='700.3191' y='513.4335' angle='3.1415927' width='134.0' depth='82.0' height='77.200005'/>
</home>